{
	"SpreadOfObstacles": 100,
	"PeakCongestion": 0.45,
	"AverageOfObsDistances": 140.180542,
	"StddevOfObsDistances": 96.594009,
	"AverageCongestion": 0.030525,
	"NumberOfObstacles": 172,
	"ObstacleList": [
		[[-3,-70],[-7,-74]],
		[[7,-50],[3,-54]],
		[[-93,-40],[-97,-44]],
		[[-83,-40],[-87,-44]],
		[[47,-40],[43,-44]],
		[[-33,-30],[-37,-34]],
		[[-13,-30],[-17,-34]],
		[[57,-30],[53,-34]],
		[[-43,-20],[-47,-24]],
		[[-13,-20],[-17,-24]],
		[[7,-20],[3,-24]],
		[[-13,-10],[-17,-14]],
		[[-3,-10],[-7,-14]],
		[[7,-10],[3,-14]],
		[[27,-10],[23,-14]],
		[[-23,0],[-27,-4]],
		[[-13,0],[-17,-4]],
		[[47,0],[43,-4]],
		[[-23,10],[-27,6]],
		[[-3,10],[-7,6]],
		[[27,10],[23,6]],
		[[57,10],[53,6]],
		[[-53,20],[-57,16]],
		[[-13,20],[-17,16]],
		[[-3,20],[-7,16]],
		[[7,20],[3,16]],
		[[17,20],[13,16]],
		[[27,20],[23,16]],
		[[67,20],[63,16]],
		[[-63,30],[-67,26]],
		[[-43,30],[-47,26]],
		[[-13,30],[-17,26]],
		[[47,50],[43,46]],
		[[67,50],[63,46]],
		[[87,50],[83,46]],
		[[-13,60],[-17,56]],
		[[7,70],[3,66]],
		[[37,80],[33,76]],
		[[57,80],[53,76]],
		[[-3,110],[-7,106]],
		[[37,120],[33,116]],
		[[227,390],[223,386]],
		[[177,440],[173,436]],
		[[217,440],[213,436]],
		[[207,450],[203,446]],
		[[227,450],[223,446]],
		[[237,450],[233,446]],
		[[237,460],[233,456]],
		[[97,470],[93,466]],
		[[137,470],[133,466]],
		[[177,470],[173,466]],
		[[207,470],[203,466]],
		[[147,480],[143,476]],
		[[167,480],[163,476]],
		[[217,480],[213,476]],
		[[227,480],[223,476]],
		[[237,480],[233,476]],
		[[157,490],[153,486]],
		[[227,490],[223,486]],
		[[237,490],[233,486]],
		[[247,490],[243,486]],
		[[327,490],[323,486]],
		[[97,500],[93,496]],
		[[177,500],[173,496]],
		[[197,500],[193,496]],
		[[207,500],[203,496]],
		[[217,500],[213,496]],
		[[287,500],[283,496]],
		[[67,510],[63,506]],
		[[117,510],[113,506]],
		[[167,510],[163,506]],
		[[177,510],[173,506]],
		[[187,510],[183,506]],
		[[207,510],[203,506]],
		[[217,510],[213,506]],
		[[237,510],[233,506]],
		[[277,510],[273,506]],
		[[107,520],[103,516]],
		[[127,520],[123,516]],
		[[137,520],[133,516]],
		[[157,520],[153,516]],
		[[167,520],[163,516]],
		[[287,520],[283,516]],
		[[137,540],[133,536]],
		[[147,540],[143,536]],
		[[257,540],[253,536]],
		[[267,540],[263,536]],
		[[297,540],[293,536]],
		[[367,540],[363,536]],
		[[137,550],[133,546]],
		[[257,550],[253,546]],
		[[287,550],[283,546]],
		[[297,550],[293,546]],
		[[127,560],[123,556]],
		[[147,560],[143,556]],
		[[257,560],[253,556]],
		[[267,560],[263,556]],
		[[287,560],[283,556]],
		[[317,560],[313,556]],
		[[97,570],[93,566]],
		[[127,570],[123,566]],
		[[137,570],[133,566]],
		[[257,570],[253,566]],
		[[297,570],[293,566]],
		[[367,570],[363,566]],
		[[137,580],[133,576]],
		[[287,580],[283,576]],
		[[337,580],[333,576]],
		[[77,590],[73,586]],
		[[117,590],[113,586]],
		[[127,590],[123,586]],
		[[147,590],[143,586]],
		[[287,590],[283,586]],
		[[147,600],[143,596]],
		[[287,600],[283,596]],
		[[307,600],[303,596]],
		[[87,610],[83,606]],
		[[117,610],[113,606]],
		[[267,610],[263,606]],
		[[307,610],[303,606]],
		[[327,610],[323,606]],
		[[67,620],[63,616]],
		[[107,620],[103,616]],
		[[157,620],[153,616]],
		[[177,620],[173,616]],
		[[217,620],[213,616]],
		[[227,620],[223,616]],
		[[247,620],[243,616]],
		[[257,620],[253,616]],
		[[297,620],[293,616]],
		[[307,620],[303,616]],
		[[317,620],[313,616]],
		[[327,620],[323,616]],
		[[57,630],[53,626]],
		[[117,630],[113,626]],
		[[147,630],[143,626]],
		[[167,630],[163,626]],
		[[177,630],[173,626]],
		[[237,630],[233,626]],
		[[257,630],[253,626]],
		[[277,630],[273,626]],
		[[127,640],[123,636]],
		[[137,640],[133,636]],
		[[147,640],[143,636]],
		[[157,640],[153,636]],
		[[167,640],[163,636]],
		[[217,640],[213,636]],
		[[247,640],[243,636]],
		[[257,640],[253,636]],
		[[167,650],[163,646]],
		[[217,650],[213,646]],
		[[237,650],[233,646]],
		[[247,650],[243,646]],
		[[267,650],[263,646]],
		[[287,650],[283,646]],
		[[297,650],[293,646]],
		[[307,650],[303,646]],
		[[167,660],[163,656]],
		[[207,660],[203,656]],
		[[227,660],[223,656]],
		[[267,660],[263,656]],
		[[177,670],[173,666]],
		[[187,670],[183,666]],
		[[197,670],[193,666]],
		[[217,680],[213,676]],
		[[237,680],[233,676]],
		[[267,680],[263,676]],
		[[177,690],[173,686]],
		[[207,690],[203,686]],
		[[297,690],[293,686]],
		[[177,700],[173,696]],
		[[257,700],[253,696]]
	]
}
