{
	"SpreadOfObstacles": 23,
	"PeakCongestion": 1,
	"AverageOfObsDistances": 309.658569,
	"StddevOfObsDistances": 146.932068,
	"AverageCongestion": 0.006366,
	"NumberOfObstacles": 33,
	"ObstacleList": [
		[[-14,-11],[-16,-13]],
		[[-14,-11],[-16,-13]],
		[[-4,-11],[-6,-13]],
		[[-4,-11],[-6,-13]],
		[[6,-11],[4,-13]],
		[[6,-11],[4,-13]],
		[[16,-11],[14,-13]],
		[[16,-11],[14,-13]],
		[[26,-11],[24,-13]],
		[[26,-11],[24,-13]],
		[[-14,-1],[-16,-3]],
		[[-14,-1],[-16,-3]],
		[[26,-1],[24,-3]],
		[[26,-1],[24,-3]],
		[[-14,9],[-16,7]],
		[[-14,9],[-16,7]],
		[[26,9],[24,7]],
		[[26,9],[24,7]],
		[[-14,19],[-16,17]],
		[[-14,19],[-16,17]],
		[[26,19],[24,17]],
		[[26,19],[24,17]],
		[[-14,29],[-16,27]],
		[[-14,29],[-16,27]],
		[[-4,29],[-6,27]],
		[[-4,29],[-6,27]],
		[[6,29],[4,27]],
		[[6,29],[4,27]],
		[[16,29],[14,27]],
		[[16,29],[14,27]],
		[[26,29],[24,27]],
		[[26,29],[24,27]],
		[[456,819],[454,817]]
	]
}
