velocity,time,distance
0.995238,0.302776,-0.266278
1.97543,0.45177,-0.597694
3.92132,0.722073,-2.16185
5.83371,0.972683,-3.53854
7.71214,1.21884,-5.98543
9.56274,1.44735,-8.15068
