{
	"SpreadOfObstacles": 80,
	"PeakCongestion": 0.3,
	"AverageOfObsDistances": 68.844978,
	"StddevOfObsDistances": 57.153561,
	"AverageCongestion": 0.041252,
	"NumberOfObstacles": 88,
	"ObstacleList": [
		[[47,-53],[43,-57]],
		[[-33,-33],[-37,-37]],
		[[-23,-33],[-27,-37]],
		[[-3,-33],[-7,-37]],
		[[-33,-13],[-37,-17]],
		[[-13,-13],[-17,-17]],
		[[-3,-13],[-7,-17]],
		[[27,-13],[23,-17]],
		[[-53,-3],[-57,-7]],
		[[17,-3],[13,-7]],
		[[57,-3],[53,-7]],
		[[27,7],[23,3]],
		[[37,7],[33,3]],
		[[-23,17],[-27,13]],
		[[-13,17],[-17,13]],
		[[-3,17],[-7,13]],
		[[7,17],[3,13]],
		[[-3,27],[-7,23]],
		[[17,27],[13,23]],
		[[7,37],[3,33]],
		[[237,37],[233,33]],
		[[-23,47],[-27,43]],
		[[47,47],[43,43]],
		[[7,57],[3,53]],
		[[277,57],[273,53]],
		[[7,67],[3,63]],
		[[167,77],[163,73]],
		[[177,97],[173,93]],
		[[217,97],[213,93]],
		[[147,107],[143,103]],
		[[197,117],[193,113]],
		[[267,117],[263,113]],
		[[107,127],[103,123]],
		[[207,127],[203,123]],
		[[257,137],[253,133]],
		[[97,147],[93,143]],
		[[217,147],[213,143]],
		[[237,147],[233,143]],
		[[257,147],[253,143]],
		[[267,147],[263,143]],
		[[127,157],[123,153]],
		[[147,157],[143,153]],
		[[147,167],[143,163]],
		[[267,167],[263,163]],
		[[117,177],[113,173]],
		[[127,177],[123,173]],
		[[297,177],[293,173]],
		[[127,187],[123,183]],
		[[87,197],[83,193]],
		[[257,197],[253,193]],
		[[277,197],[273,193]],
		[[147,207],[143,203]],
		[[257,207],[253,203]],
		[[267,217],[263,213]],
		[[277,217],[273,213]],
		[[287,217],[283,213]],
		[[147,227],[143,223]],
		[[287,227],[283,223]],
		[[347,227],[343,223]],
		[[107,237],[103,233]],
		[[147,237],[143,233]],
		[[297,247],[293,243]],
		[[137,257],[133,253]],
		[[207,257],[203,253]],
		[[257,257],[253,253]],
		[[157,267],[153,263]],
		[[177,267],[173,263]],
		[[197,267],[193,263]],
		[[267,267],[263,263]],
		[[107,277],[103,273]],
		[[147,277],[143,273]],
		[[217,277],[213,273]],
		[[257,277],[253,273]],
		[[197,287],[193,283]],
		[[147,297],[143,293]],
		[[167,297],[163,293]],
		[[197,297],[193,293]],
		[[207,297],[203,293]],
		[[227,297],[223,293]],
		[[247,297],[243,293]],
		[[127,307],[123,303]],
		[[207,307],[203,303]],
		[[237,307],[233,303]],
		[[257,307],[253,303]],
		[[167,317],[163,313]],
		[[217,317],[213,313]],
		[[227,317],[223,313]],
		[[277,317],[273,313]]
	]
}
