{
		"max_time_budget": 7.85224262818768,
		"om_latency_expected": 3.7624281218273405,
		"om_to_pl_latency_expected": 0.3435497322701067,
		"ppl_latency_expected": 1.2481323870451162,
		"velocity_to_budget_on": 1.4580585030939914,
		"v_max": 1.4580585030939914,
		"pc_res_max": 0.3,
		"pc_vol_ideal_max": 30000,
		"om_to_pl_res_max": 0.3,
		"om_to_pl_vol_ideal_max": 60000,
		"ppl_vol_ideal_max": 60000
}